number;organization_id
2067720043;40
6622598680;40
3697640855;39
6342386686;39
9035144473;39
7409967183;38
4053073677;38
2493751748;38
6125907239;38
8711875191;38
7832369599;37
7621339836;37
4697629073;37
6771939971;36
4181224500;35
6839407464;34
6907311583;34
9656906673;33
6283863122;33
3634539005;32
7065088543;32
1249304313;31
6545495797;31
2686686992;31
2014933048;30
8721390315;30
4336261004;29
9182923133;29
9112337945;29
5389628423;28
9551013537;28
6401750698;28
1015700224;27
7948373591;27
8163035140;26
5956462202;26
7951249313;26
2629933930;25
6168870239;25
8826741870;25
2579508855;24
8078600827;23
8544273899;23
1776064407;22
9134752280;22
5906860607;21
1836011372;20
2322773467;20
8278578913;19
2783224294;18
4943800914;18
8584683785;18
8334691651;17
4106714046;17
2901044813;17
4799546742;16
2518899242;15
2921140749;15
4655886071;15
5794688274;14
1385088903;14
3091515187;14
4966210311;13
9541526475;13
1452185298;13
8441642987;13
9124425183;12
4971991366;12
6132865312;12
3078039007;11
2535838582;11
6729124981;11
8356050369;10
3394227935;10
9255412581;10
1826720882;9
2209159432;9
2934248456;9
5499949863;8
9236024669;7
7558675164;7
6831869521;7
7241598697;7
6362644045;6
5688065519;6
2585846760;6
4679909306;6
7044289250;5
5432644095;5
9896476897;5
6363196235;5
2946161577;5
9708694203;4
2173537125;4
4803266076;3
5103058027;2
8282616013;2
2042517885;2
2718373142;1
8699600560;1
