-- --------------------------------------------------------
-- Διακομιστής:                  localhost
-- Έκδοση διακομιστή:            10.4.24-MariaDB - mariadb.org binary distribution
-- Λειτ. σύστημα διακομιστή:     Win64
-- HeidiSQL Έκδοση:              11.3.0.6295
-- --------------------------------------------------------

/*!40101 SET @OLD_CHARACTER_SET_CLIENT=@@CHARACTER_SET_CLIENT */;
/*!40101 SET NAMES utf8 */;
/*!50503 SET NAMES utf8mb4 */;
/*!40014 SET @OLD_FOREIGN_KEY_CHECKS=@@FOREIGN_KEY_CHECKS, FOREIGN_KEY_CHECKS=0 */;
/*!40101 SET @OLD_SQL_MODE=@@SQL_MODE, SQL_MODE='NO_AUTO_VALUE_ON_ZERO' */;
/*!40111 SET @OLD_SQL_NOTES=@@SQL_NOTES, SQL_NOTES=0 */;


-- Dumping database structure for elidek
CREATE DATABASE IF NOT EXISTS `elidek` /*!40100 DEFAULT CHARACTER SET utf8mb4 */;
USE `elidek`;

-- Dumping structure for πίνακας elidek.companies
CREATE TABLE IF NOT EXISTS `companies` (
  `private_budget` float NOT NULL,
  `organization_id` int(11) NOT NULL,
  PRIMARY KEY (`organization_id`),
  CONSTRAINT `companies_ibfk_1` FOREIGN KEY (`organization_id`) REFERENCES `organizations` (`organization_id`)
) ENGINE=InnoDB DEFAULT CHARSET=utf8mb4;

-- Dumping data for table elidek.companies: ~18 rows (approximately)
/*!40000 ALTER TABLE `companies` DISABLE KEYS */;
INSERT INTO `companies` (`private_budget`, `organization_id`) VALUES
	(5793840, 1),
	(1764680, 3),
	(3248070, 5),
	(4006540, 7),
	(5476120, 9),
	(4091230, 11),
	(1785970, 13),
	(8401260, 15),
	(3742050, 17),
	(2177800, 19),
	(9342840, 21),
	(6520860, 23),
	(5834340, 25),
	(1792920, 27),
	(8685820, 29),
	(7073920, 31),
	(5730420, 33),
	(5270610, 35);
/*!40000 ALTER TABLE `companies` ENABLE KEYS */;

-- Dumping structure for πίνακας elidek.deliverables
CREATE TABLE IF NOT EXISTS `deliverables` (
  `title` varchar(100) NOT NULL,
  `summary` varchar(500) NOT NULL,
  `date` date NOT NULL,
  `project_id` int(11) NOT NULL,
  PRIMARY KEY (`title`,`date`,`project_id`),
  KEY `project_id` (`project_id`),
  CONSTRAINT `deliverables_ibfk_1` FOREIGN KEY (`project_id`) REFERENCES `projects` (`project_id`)
) ENGINE=InnoDB DEFAULT CHARSET=utf8mb4;

-- Dumping data for table elidek.deliverables: ~60 rows (approximately)
/*!40000 ALTER TABLE `deliverables` DISABLE KEYS */;
INSERT INTO `deliverables` (`title`, `summary`, `date`, `project_id`) VALUES
	('Aerified', 'Quisque id justo sit amet sapien dignissim vestibulum. Vestibulum ante ipsum primis in faucibus orci luctus et ultrices posuere cubilia Curae; Nulla dapibus dolor vel est. Donec odio justo, sollicitudin ut, suscipit a, feugiat et, eros.', '2022-08-08', 8),
	('Aerified', 'Proin interdum mauris non ligula pellentesque ultrices.', '2022-12-23', 33),
	('Alpha', 'Praesent lectus.', '2022-02-02', 8),
	('Alpha', 'Donec ut dolor.', '2022-09-03', 28),
	('Alphazap', 'Proin interdum mauris non ligula pellentesque ultrices.', '2022-09-12', 13),
	('Andalax', 'Donec semper sapien a libero. Nam dui.', '2022-03-18', 2),
	('Andalax', 'Nunc nisl.', '2023-10-07', 28),
	('Asoka', 'Donec vitae nisi. Nam ultrices, libero non mattis pulvinar, nulla pede ullamcorper augue, a suscipit nulla elit ac nulla.', '2021-12-26', 35),
	('Asoka', 'Aenean fermentum. Donec ut mauris eget massa tempor convallis. Nulla neque libero, convallis eget, eleifend luctus, ultricies eu, nibh.', '2022-03-28', 32),
	('Asoka', 'Suspendisse accumsan tortor quis turpis.', '2022-07-04', 21),
	('Bamity', 'In hac habitasse platea dictumst.', '2020-12-13', 44),
	('Biodex', 'In sagittis dui vel nisl. Duis ac nibh. Fusce lacus purus, aliquet at, feugiat non, pretium quis, lectus.', '2022-06-03', 12),
	('Bitwolf', 'Integer tincidunt ante vel ipsum. Praesent blandit lacinia erat. Vestibulum sed magna at nunc commodo placerat.', '2022-03-18', 39),
	('Bitwolf', 'In quis justo. Maecenas rhoncus aliquam lacus. Morbi quis tortor id nulla ultrices aliquet.', '2023-03-03', 27),
	('Bytecard', 'Nulla justo. Aliquam quis turpis eget elit sodales scelerisque.', '2022-07-04', 19),
	('Bytecard', 'Cum sociis natoque penatibus et magnis dis parturient montes, nascetur ridiculus mus. Vivamus vestibulum sagittis sapien.', '2023-03-18', 19),
	('Cardify', 'Vestibulum ante ipsum primis in faucibus orci luctus et ultrices posuere cubilia Curae; Donec pharetra, magna vestibulum aliquet ultrices, erat tortor sollicitudin mi, sit amet lobortis sapien sapien non mi. Integer ac neque. Duis bibendum.', '2021-03-12', 49),
	('Cardify', 'Donec odio justo, sollicitudin ut, suscipit a, feugiat et, eros. Vestibulum ac est lacinia nisi venenatis tristique.', '2022-10-07', 22),
	('Cookley', 'Integer non velit. Donec diam neque, vestibulum eget, vulputate ut, ultrices vel, augue. Vestibulum ante ipsum primis in faucibus orci luctus et ultrices posuere cubilia Curae; Donec pharetra, magna vestibulum aliquet ultrices, erat tortor sollicitudin mi, sit amet lobortis sapien sapien non mi.', '2020-05-29', 55),
	('Daltfresh', 'Fusce consequat. Nulla nisl. Nunc nisl.', '2022-06-28', 29),
	('Duobam', 'Curabitur at ipsum ac tellus semper interdum.', '2022-03-20', 12),
	('Duobam', 'Lorem ipsum dolor sit amet, consectetuer adipiscing elit. Proin interdum mauris non ligula pellentesque ultrices. Phasellus id sapien in sapien iaculis congue.', '2022-06-01', 28),
	('Duobam', 'Etiam justo. Etiam pretium iaculis justo. In hac habitasse platea dictumst.', '2024-01-24', 33),
	('Fintone', 'Donec posuere metus vitae ipsum.', '2021-07-04', 16),
	('Fix San', 'Morbi sem mauris, laoreet ut, rhoncus aliquet, pulvinar sed, nisl. Nunc rhoncus dui vel sem.', '2021-03-16', 9),
	('Fix San', 'Etiam pretium iaculis justo.', '2022-05-11', 47),
	('Fix San', 'Mauris enim leo, rhoncus sed, vestibulum sit amet, cursus id, turpis. Integer aliquet, massa id lobortis convallis, tortor risus dapibus augue, vel accumsan tellus nisi eu orci. Mauris lacinia sapien quis libero.', '2022-07-06', 49),
	('Gembucket', 'Vestibulum sed magna at nunc commodo placerat. Praesent blandit.', '2022-08-31', 22),
	('Home Ing', 'Proin interdum mauris non ligula pellentesque ultrices.', '2023-01-02', 23),
	('Job', 'Donec quis orci eget orci vehicula condimentum.', '2021-11-24', 18),
	('Job', 'Fusce lacus purus, aliquet at, feugiat non, pretium quis, lectus. Suspendisse potenti.', '2022-10-10', 9),
	('Kanlam', 'Duis at velit eu est congue elementum.', '2021-11-20', 12),
	('Konklab', 'Duis bibendum, felis sed interdum venenatis, turpis enim blandit mi, in porttitor pede justo eu massa.', '2022-05-24', 8),
	('Konklab', 'Sed sagittis. Nam congue, risus semper porta volutpat, quam pede lobortis ligula, sit amet eleifend pede libero quis orci.', '2023-12-10', 47),
	('Lotlux', 'Phasellus in felis. Donec semper sapien a libero. Nam dui.', '2022-10-13', 9),
	('Lotstring', 'Aenean lectus.', '2021-10-15', 55),
	('Matsoft', 'Duis mattis egestas metus. Aenean fermentum. Donec ut mauris eget massa tempor convallis.', '2021-09-24', 8),
	('Matsoft', 'Vestibulum ante ipsum primis in faucibus orci luctus et ultrices posuere cubilia Curae; Donec pharetra, magna vestibulum aliquet ultrices, erat tortor sollicitudin mi, sit amet lobortis sapien sapien non mi.', '2023-11-21', 33),
	('Namfix', 'Suspendisse ornare consequat lectus. In est risus, auctor sed, tristique in, tempus sit amet, sem.', '2021-09-16', 13),
	('Namfix', 'Duis mattis egestas metus. Aenean fermentum.', '2022-10-04', 21),
	('Pannier', 'Pellentesque viverra pede ac diam. Cras pellentesque volutpat dui.', '2022-11-24', 14),
	('Quo Lux', 'Integer ac leo.', '2021-12-14', 14),
	('Redhold', 'Nulla tempus. Vivamus in felis eu sapien cursus vestibulum. Proin eu mi.', '2022-04-24', 12),
	('Solarbreeze', 'Donec quis orci eget orci vehicula condimentum.', '2022-03-08', 7),
	('Solarbreeze', 'Mauris enim leo, rhoncus sed, vestibulum sit amet, cursus id, turpis. Integer aliquet, massa id lobortis convallis, tortor risus dapibus augue, vel accumsan tellus nisi eu orci. Mauris lacinia sapien quis libero.', '2023-04-12', 42),
	('Span', 'Mauris sit amet eros. Suspendisse accumsan tortor quis turpis.', '2021-10-11', 43),
	('Stim', 'Suspendisse potenti. Cras in purus eu magna vulputate luctus.', '2022-05-08', 18),
	('Sub-Ex', 'Maecenas rhoncus aliquam lacus.', '2022-12-13', 47),
	('Subin', 'Nullam varius. Nulla facilisi. Cras non velit nec nisi vulputate nonummy.', '2021-11-08', 1),
	('Trippledex', 'Donec ut dolor. Morbi vel lectus in quam fringilla rhoncus. Mauris enim leo, rhoncus sed, vestibulum sit amet, cursus id, turpis.', '2022-12-08', 16),
	('Vagram', 'Vestibulum quam sapien, varius ut, blandit non, interdum in, ante. Vestibulum ante ipsum primis in faucibus orci luctus et ultrices posuere cubilia Curae; Duis faucibus accumsan odio.', '2021-05-05', 20),
	('Veribet', 'In blandit ultrices enim. Lorem ipsum dolor sit amet, consectetuer adipiscing elit.', '2022-04-25', 12),
	('Veribet', 'Vivamus vestibulum sagittis sapien.', '2023-11-01', 18),
	('Voltsillam', 'Nam dui.', '2021-03-20', 60),
	('Y-Solowarm', 'Suspendisse ornare consequat lectus. In est risus, auctor sed, tristique in, tempus sit amet, sem.', '2022-07-06', 15),
	('Zaam-Dox', 'In hac habitasse platea dictumst.', '2021-09-09', 41),
	('Zamit', 'Nam congue, risus semper porta volutpat, quam pede lobortis ligula, sit amet eleifend pede libero quis orci.', '2022-12-03', 53),
	('Zathin', 'Fusce consequat.', '2023-11-29', 23),
	('Zoolab', 'Curabitur in libero ut massa volutpat convallis. Morbi odio odio, elementum eu, interdum eu, tincidunt in, leo.', '2021-06-27', 5),
	('Zoolab', 'Curabitur at ipsum ac tellus semper interdum. Mauris ullamcorper purus sit amet nulla.', '2021-11-24', 43);
/*!40000 ALTER TABLE `deliverables` ENABLE KEYS */;

-- Dumping structure for πίνακας elidek.evaluating
CREATE TABLE IF NOT EXISTS `evaluating` (
  `grade` int(11) NOT NULL,
  `date` date NOT NULL,
  `researcher_id` int(11) NOT NULL,
  `project_id` int(11) NOT NULL,
  PRIMARY KEY (`researcher_id`,`project_id`),
  KEY `project_id` (`project_id`),
  CONSTRAINT `evaluating_ibfk_1` FOREIGN KEY (`researcher_id`) REFERENCES `researchers` (`researcher_id`),
  CONSTRAINT `evaluating_ibfk_2` FOREIGN KEY (`project_id`) REFERENCES `projects` (`project_id`)
) ENGINE=InnoDB DEFAULT CHARSET=utf8mb4;

-- Dumping data for table elidek.evaluating: ~60 rows (approximately)
/*!40000 ALTER TABLE `evaluating` DISABLE KEYS */;
INSERT INTO `evaluating` (`grade`, `date`, `researcher_id`, `project_id`) VALUES
	(4, '2018-01-22', 2, 26),
	(2, '2019-02-26', 9, 17),
	(1, '2018-09-05', 10, 12),
	(7, '2019-02-18', 11, 37),
	(5, '2017-07-05', 12, 5),
	(6, '2018-06-21', 16, 21),
	(5, '2018-12-02', 17, 56),
	(4, '2018-02-20', 19, 54),
	(9, '2018-01-24', 21, 9),
	(5, '2018-04-12', 23, 47),
	(9, '2018-07-24', 24, 30),
	(5, '2018-01-19', 25, 25),
	(7, '2019-05-03', 29, 53),
	(9, '2018-10-27', 29, 55),
	(6, '2018-04-07', 34, 10),
	(9, '2019-02-04', 36, 3),
	(2, '2019-03-20', 38, 16),
	(4, '2018-12-17', 41, 22),
	(10, '2018-02-04', 42, 50),
	(5, '2018-11-10', 43, 39),
	(5, '2018-12-19', 44, 41),
	(1, '2017-11-23', 46, 32),
	(2, '2018-09-11', 46, 48),
	(3, '2017-10-04', 53, 33),
	(5, '2019-02-25', 54, 20),
	(9, '2018-01-24', 56, 6),
	(7, '2018-11-09', 58, 28),
	(3, '2018-01-19', 58, 46),
	(6, '2018-08-22', 59, 49),
	(2, '2018-12-11', 60, 1),
	(8, '2017-09-29', 72, 11),
	(5, '2019-03-20', 76, 27),
	(4, '2019-01-31', 77, 23),
	(7, '2018-08-15', 77, 44),
	(8, '2019-01-04', 81, 2),
	(5, '2018-08-05', 81, 4),
	(3, '2017-08-13', 81, 18),
	(3, '2018-11-24', 84, 43),
	(2, '2018-10-18', 86, 36),
	(9, '2018-01-05', 93, 19),
	(1, '2018-04-12', 93, 58),
	(8, '2017-09-06', 96, 8),
	(6, '2018-03-23', 97, 29),
	(10, '2018-07-21', 98, 52),
	(8, '2018-05-26', 100, 51),
	(4, '2018-04-06', 101, 13),
	(1, '2018-02-10', 103, 60),
	(2, '2018-11-22', 104, 14),
	(10, '2018-06-30', 104, 24),
	(3, '2018-11-22', 107, 38),
	(2, '2019-01-02', 108, 31),
	(4, '2017-08-20', 110, 35),
	(9, '2018-01-05', 111, 42),
	(6, '2017-06-04', 113, 15),
	(10, '2018-07-01', 113, 59),
	(9, '2019-03-05', 114, 40),
	(6, '2017-11-29', 115, 34),
	(1, '2017-06-09', 117, 45),
	(7, '2018-04-21', 119, 57),
	(2, '2017-12-13', 120, 7);
/*!40000 ALTER TABLE `evaluating` ENABLE KEYS */;

-- Dumping structure for πίνακας elidek.oganizations_phonenumber
CREATE TABLE IF NOT EXISTS `oganizations_phonenumber` (
  `number` int(11) NOT NULL,
  `organization_id` int(11) NOT NULL,
  PRIMARY KEY (`number`,`organization_id`),
  KEY `organization_id` (`organization_id`),
  CONSTRAINT `oganizations_phonenumber_ibfk_1` FOREIGN KEY (`organization_id`) REFERENCES `organizations` (`organization_id`)
) ENGINE=InnoDB DEFAULT CHARSET=utf8mb4;

-- Dumping data for table elidek.oganizations_phonenumber: ~50 rows (approximately)
/*!40000 ALTER TABLE `oganizations_phonenumber` DISABLE KEYS */;
INSERT INTO `oganizations_phonenumber` (`number`, `organization_id`) VALUES
	(1015700224, 27),
	(1249304313, 31),
	(1385088903, 14),
	(1452185298, 13),
	(1776064407, 22),
	(1826720882, 9),
	(1836011372, 20),
	(2014933048, 30),
	(2042517885, 2),
	(2067720043, 40),
	(2147483647, 1),
	(2147483647, 2),
	(2147483647, 3),
	(2147483647, 4),
	(2147483647, 5),
	(2147483647, 6),
	(2147483647, 7),
	(2147483647, 8),
	(2147483647, 9),
	(2147483647, 10),
	(2147483647, 11),
	(2147483647, 12),
	(2147483647, 13),
	(2147483647, 14),
	(2147483647, 15),
	(2147483647, 16),
	(2147483647, 17),
	(2147483647, 18),
	(2147483647, 19),
	(2147483647, 20),
	(2147483647, 21),
	(2147483647, 22),
	(2147483647, 23),
	(2147483647, 24),
	(2147483647, 25),
	(2147483647, 26),
	(2147483647, 27),
	(2147483647, 28),
	(2147483647, 29),
	(2147483647, 30),
	(2147483647, 31),
	(2147483647, 32),
	(2147483647, 33),
	(2147483647, 34),
	(2147483647, 35),
	(2147483647, 36),
	(2147483647, 37),
	(2147483647, 38),
	(2147483647, 39),
	(2147483647, 40);
/*!40000 ALTER TABLE `oganizations_phonenumber` ENABLE KEYS */;

-- Dumping structure for πίνακας elidek.organizations
CREATE TABLE IF NOT EXISTS `organizations` (
  `organization_id` int(11) NOT NULL,
  `name` varchar(250) NOT NULL,
  `abbreviation` varchar(250) NOT NULL,
  `street` varchar(250) NOT NULL,
  `number` int(11) NOT NULL,
  `postal_code` int(11) NOT NULL,
  `city` varchar(250) NOT NULL,
  PRIMARY KEY (`organization_id`)
) ENGINE=InnoDB DEFAULT CHARSET=utf8mb4;

-- Dumping data for table elidek.organizations: ~40 rows (approximately)
/*!40000 ALTER TABLE `organizations` DISABLE KEYS */;
INSERT INTO `organizations` (`organization_id`, `name`, `abbreviation`, `street`, `number`, `postal_code`, `city`) VALUES
	(1, 'Pfannerstill, Huels and Mitchell', 'YYTL', 'Onsgard', 82, 56940, 'Domont'),
	(2, 'Stamm, Nicolas and Schiller', 'FBFQ', 'Barby', 177, 23697, 'Picos'),
	(3, 'Goodwin Inc', 'ZAIW', 'Superior', 7, 13271, 'Larvik'),
	(4, 'Lakin, Bauch and Cremin', 'ZSSC', 'Red Cloud', 3526, 54123, 'Hushan'),
	(5, 'Wehner Inc', 'YJGD', 'South', 515, 83144, 'Tauranga'),
	(6, 'Quigley and Sons', 'BVNQ', 'Hovde', 630, 62443, 'Umingan'),
	(7, 'Hermiston-Dooley', 'WXOX', 'Jackson', 629, 47621, 'Ozherel’ye'),
	(8, 'O\'Keefe, Fisher and Berge', 'PFFB', 'Clarendon', 977, 78964, 'Ternopil’'),
	(9, 'Collins Group', 'FIUH', 'Moland', 352, 87123, 'Paicol'),
	(10, 'Mitchell and Sons', 'TYMH', 'Donald', 4831, 96465, 'Darya Boyi'),
	(11, 'Bode-Hermann', 'OPQG', 'Reindahl', 158, 57632, 'Chakaray'),
	(12, 'Kris-Altenwerth', 'RVHR', 'Scoville', 6261, 51136, 'São Roque'),
	(13, 'Skiles and Sons', 'GIYK', 'Mesta', 366, 15896, 'Buikwe'),
	(14, 'Bergstrom-Huel', 'EIYI', 'Golden Leaf', 8, 13548, 'Jinping'),
	(15, 'Christiansen-Hegmann', 'WFNO', 'Corry', 74, 13575, 'Fornos de Algodres'),
	(16, 'Hettinger and Sons', 'HIJZ', 'Charing Cross', 1, 98562, 'Dehui'),
	(17, 'Schmeler, Mraz and Emard', 'JNZH', 'Bartillon', 98, 14526, 'Shagamu'),
	(18, 'Waelchi LLC', 'JWBQ', 'Bartelt', 8, 11364, 'Sudogda'),
	(19, 'Gutmann Inc', 'NAKI', 'Lyons', 5, 35971, 'Zhenxing'),
	(20, 'Gleichner Group', 'QGZZ', 'Swallow', 8, 23684, 'Zaoxi'),
	(21, 'Greenholt-Schulist', 'ANYV', 'Gina', 6, 12364, 'Charlestown'),
	(22, 'Farrell-Rodriguez', 'LKOB', 'Hermina', 573, 45750, 'Basīrpur'),
	(23, 'Cremin-Rath', 'DKYF', 'Melby', 17, 69852, 'Lapas'),
	(24, 'Lang LLC', 'CYYC', 'Northridge', 6, 12364, 'Vanimo'),
	(25, 'Sanford, Paucek and Crooks', 'AFRU', 'Onsgard', 581, 35442, 'Tairua'),
	(26, 'Hilll Group', 'LGJP', 'Lake View', 0, 96315, 'Bourgoin-Jallieu'),
	(27, 'Swaniawski, Boehm and Huel', 'WDUK', 'Fairfield', 7, 12354, 'Bluefields'),
	(28, 'Fritsch-Collins', 'ZQYZ', 'Miller', 34605, 12547, 'Paucarcolla'),
	(29, 'Gislason, Bernier and Kassulke', 'MRPS', 'Ruskin', 8, 56871, 'Älmhult'),
	(30, 'Gutmann, Maggio and Anderson', 'OZPA', 'Basil', 41, 20133, 'Castleblayney'),
	(31, 'Vandervort, Mohr and Cole', 'CJQU', 'Nobel', 75627, 90316, 'Portumna'),
	(32, 'Abshire Inc', 'AJFE', 'John Wall', 49, 80643, 'Yinchuan'),
	(33, 'Glover and Sons', 'EWEX', 'Clarendon', 890, 83069, 'Haninge'),
	(34, 'Koepp-Rogahn', 'RNAB', 'Northwestern', 87, 10234, 'Piątnica'),
	(35, 'Balistreri-Stracke', 'SRNU', 'Londonderry', 4056, 78130, 'Dahe'),
	(36, 'Abernathy LLC', 'XNLE', 'Main', 232, 61301, 'Ligang'),
	(37, 'Mayert-Jacobs', 'EVRJ', 'Arrowood', 8379, 50316, 'Malati'),
	(38, 'Treutel-Grant', 'WEFM', 'Hansons', 5, 61031, 'Bayt ‘Ūr at Taḩtā'),
	(39, 'O\'Keefe, Rippin and Hand', 'PBIB', 'Dovetail', 2589, 61050, 'Phrae'),
	(40, 'Farrell-Braun', 'MZLV', 'Mayfield', 32, 61301, 'Couto');
/*!40000 ALTER TABLE `organizations` ENABLE KEYS */;

-- Dumping structure for πίνακας elidek.program
CREATE TABLE IF NOT EXISTS `program` (
  `program_id` int(11) NOT NULL,
  `Name` varchar(250) NOT NULL,
  `Department` varchar(250) NOT NULL,
  PRIMARY KEY (`program_id`)
) ENGINE=InnoDB DEFAULT CHARSET=utf8mb4;

-- Dumping data for table elidek.program: ~40 rows (approximately)
/*!40000 ALTER TABLE `program` DISABLE KEYS */;
INSERT INTO `program` (`program_id`, `Name`, `Department`) VALUES
	(1, 'Alpha', 'Research and Development'),
	(2, 'Redhold', 'Business Development'),
	(3, 'Regrant', 'Marketing'),
	(4, 'Cookley', 'Support'),
	(5, 'Cookley', 'Human Resources'),
	(6, 'Mat Lam Tam', 'Research and Development'),
	(7, 'Fixflex', 'Engineering'),
	(8, 'Cardguard', 'Engineering'),
	(9, 'Andalax', 'Research and Development'),
	(10, 'Gembucket', 'Engineering'),
	(11, 'Veribet', 'Marketing'),
	(12, 'Domainer', 'Training'),
	(13, 'Daltfresh', 'Business Development'),
	(14, 'Mat Lam Tam', 'Sales'),
	(15, 'Zamit', 'Legal'),
	(16, 'Y-find', 'Accounting'),
	(17, 'Stim', 'Engineering'),
	(18, 'Bytecard', 'Services'),
	(19, 'Cookley', 'Training'),
	(20, 'Tres-Zap', 'Marketing'),
	(21, 'Tin', 'Support'),
	(22, 'Ronstring', 'Sales'),
	(23, 'Overhold', 'Accounting'),
	(24, 'Tresom', 'Product Management'),
	(25, 'Overhold', 'Training'),
	(26, 'Keylex', 'Legal'),
	(27, 'Stim', 'Legal'),
	(28, 'Konklux', 'Marketing'),
	(29, 'Sub-Ex', 'Services'),
	(30, 'Tampflex', 'Services'),
	(31, 'Greenlam', 'Human Resources'),
	(32, 'Toughjoyfax', 'Business Development'),
	(33, 'Stringtough', 'Business Development'),
	(34, 'Voltsillam', 'Legal'),
	(35, 'Regrant', 'Business Development'),
	(36, 'Sonsing', 'Services'),
	(37, 'Daltfresh', 'Services'),
	(38, 'Toughjoyfax', 'Sales'),
	(39, 'Lotlux', 'Accounting'),
	(40, 'Sub-Ex', 'Services');
/*!40000 ALTER TABLE `program` ENABLE KEYS */;

-- Dumping structure for πίνακας elidek.projects
CREATE TABLE IF NOT EXISTS `projects` (
  `project_id` int(11) NOT NULL,
  `title` varchar(250) NOT NULL,
  `summary` varchar(500) NOT NULL,
  `starting_date` varchar(250) NOT NULL,
  `ending_date` date NOT NULL,
  `funding` float NOT NULL,
  `duration` int(11) NOT NULL,
  `staff_id` int(11) NOT NULL,
  `program_id` int(11) NOT NULL,
  `organization_id` int(11) NOT NULL,
  `researcher_id` int(11) NOT NULL,
  PRIMARY KEY (`project_id`),
  KEY `staff_id` (`staff_id`),
  KEY `program_id` (`program_id`),
  KEY `organization_id` (`organization_id`),
  KEY `researcher_id` (`researcher_id`),
  CONSTRAINT `projects_ibfk_1` FOREIGN KEY (`staff_id`) REFERENCES `staff` (`staff_id`),
  CONSTRAINT `projects_ibfk_2` FOREIGN KEY (`program_id`) REFERENCES `program` (`program_id`),
  CONSTRAINT `projects_ibfk_3` FOREIGN KEY (`organization_id`) REFERENCES `organizations` (`organization_id`),
  CONSTRAINT `projects_ibfk_4` FOREIGN KEY (`researcher_id`) REFERENCES `researchers` (`researcher_id`)
) ENGINE=InnoDB DEFAULT CHARSET=utf8mb4;

-- Dumping data for table elidek.projects: ~60 rows (approximately)
/*!40000 ALTER TABLE `projects` DISABLE KEYS */;
INSERT INTO `projects` (`project_id`, `title`, `summary`, `starting_date`, `ending_date`, `funding`, `duration`, `staff_id`, `program_id`, `organization_id`, `researcher_id`) VALUES
	(1, 'Y-Solowarm', 'In hac habitasse platea dictumst. Morbi vestibulum, velit id pretium iaculis, diam erat fermentum justo, nec condimentum neque sapien placerat ante. Nulla justo.', '2020-03-09', '2023-07-21', 175212, 1229, 6, 7, 5, 24),
	(2, 'Veribet', 'In hac habitasse platea dictumst. Aliquam augue quam, sollicitudin vitae, consectetuer eget, rutrum at, lorem. Integer tincidunt ante vel ipsum. Praesent blandit lacinia erat.', '2021-07-11', '2023-11-27', 406390, 869, 3, 11, 11, 58),
	(3, 'Lotstring', 'Vestibulum ante ipsum primis in faucibus orci luctus et ultrices posuere cubilia Curae; Nulla dapibus dolor vel est. Donec odio justo, sollicitudin ut, suscipit a, feugiat et, eros.', '2020-05-24', '2022-04-14', 753140, 690, 2, 31, 16, 82),
	(4, 'Lotlux', 'Vivamus tortor. Duis mattis egestas metus. Aenean fermentum. Donec ut mauris eget massa tempor convallis.', '2021-03-28', '2021-08-12', 437322, 137, 9, 24, 18, 68),
	(5, 'Tempsoft', 'Curabitur at ipsum ac tellus semper interdum. Mauris ullamcorper purus sit amet nulla. Quisque arcu libero, rutrum ac, lobortis vel, dapibus at, diam. Nam tristique tortor eu pede.', '2020-04-13', '2022-07-24', 659775, 832, 10, 24, 26, 56),
	(6, 'Stim', 'Duis consequat dui nec nisi volutpat eleifend.', '2020-03-19', '2022-12-31', 375871, 1017, 20, 3, 22, 94),
	(7, 'Mat Lam Tam', 'Suspendisse accumsan tortor quis turpis. Sed ante. Vivamus tortor. Duis mattis egestas metus.', '2020-10-30', '2024-03-11', 469213, 1228, 11, 29, 23, 6),
	(8, 'Toughjoyfax', 'Maecenas tincidunt lacus at velit. Vivamus vel nulla eget eros elementum pellentesque. Quisque porta volutpat erat.', '2019-08-14', '2023-04-07', 179087, 1332, 16, 9, 35, 61),
	(9, 'Stringtough', 'Quisque erat eros, viverra eget, congue eget, semper rutrum, nulla. Nunc purus. Phasellus in felis.', '2019-11-14', '2023-07-20', 594093, 1344, 8, 12, 33, 10),
	(10, 'Duobam', 'Sed ante. Vivamus tortor. Duis mattis egestas metus. Aenean fermentum.', '2019-12-08', '2023-07-03', 143256, 1303, 6, 15, 26, 82),
	(11, 'Viva', 'Nullam porttitor lacus at turpis. Donec posuere metus vitae ipsum.', '2020-05-18', '2022-06-15', 610937, 758, 20, 39, 24, 106),
	(12, 'Span', 'In eleifend quam a odio.', '2021-07-26', '2022-11-13', 993424, 475, 10, 31, 37, 71),
	(13, 'Tampflex', 'Integer aliquet, massa id lobortis convallis, tortor risus dapibus augue, vel accumsan tellus nisi eu orci. Mauris lacinia sapien quis libero. Nullam sit amet turpis elementum ligula vehicula consequat. Morbi a ipsum.', '2021-08-22', '2024-05-01', 707056, 983, 12, 11, 24, 114),
	(14, 'Bamity', 'Phasellus id sapien in sapien iaculis congue. Vivamus metus arcu, adipiscing molestie, hendrerit at, vulputate vitae, nisl. Aenean lectus. Pellentesque eget nunc.', '2021-11-25', '2025-03-23', 718206, 1214, 13, 29, 5, 48),
	(15, 'Alphazap', 'Nam ultrices, libero non mattis pulvinar, nulla pede ullamcorper augue, a suscipit nulla elit ac nulla. Sed vel enim sit amet nunc viverra dapibus.', '2021-09-05', '2023-02-02', 952130, 515, 16, 19, 20, 53),
	(16, 'Otcom', 'Curabitur in libero ut massa volutpat convallis. Morbi odio odio, elementum eu, interdum eu, tincidunt in, leo. Maecenas pulvinar lobortis est.', '2020-02-12', '2023-03-17', 994946, 1129, 17, 2, 2, 114),
	(17, 'Matsoft', 'Suspendisse potenti. Nullam porttitor lacus at turpis.', '2019-10-08', '2021-05-26', 508597, 596, 1, 14, 29, 53),
	(18, 'Y-find', 'Nulla nisl. Nunc nisl. Duis bibendum, felis sed interdum venenatis, turpis enim blandit mi, in porttitor pede justo eu massa.', '2021-08-15', '2024-02-27', 175187, 926, 2, 20, 16, 112),
	(19, 'Temp', 'Vivamus in felis eu sapien cursus vestibulum.', '2021-11-14', '2024-04-20', 645769, 888, 3, 13, 36, 45),
	(20, 'Treeflex', 'Pellentesque eget nunc.', '2020-09-20', '2023-11-28', 585658, 1164, 5, 20, 25, 9),
	(21, 'Y-find', 'Praesent blandit. Nam nulla.', '2021-01-23', '2023-05-18', 646809, 845, 13, 25, 40, 23),
	(22, 'Tin', 'Duis aliquam convallis nunc. Proin at turpis a pede posuere nonummy.', '2021-06-07', '2023-08-18', 185605, 802, 13, 35, 19, 13),
	(23, 'It', 'Suspendisse ornare consequat lectus. In est risus, auctor sed, tristique in, tempus sit amet, sem. Fusce consequat. Nulla nisl.', '2022-05-18', '2024-04-28', 565458, 711, 7, 26, 4, 31),
	(24, 'Otcom', 'Aliquam sit amet diam in magna bibendum imperdiet. Nullam orci pede, venenatis non, sodales sed, tincidunt eu, felis.', '2021-05-12', '2024-10-18', 377363, 1255, 9, 24, 38, 68),
	(25, 'Treeflex', 'Etiam vel augue. Vestibulum rutrum rutrum neque.', '2021-01-09', '2023-07-10', 815935, 912, 9, 2, 15, 68),
	(26, 'Greenlam', 'Morbi porttitor lorem id ligula. Suspendisse ornare consequat lectus. In est risus, auctor sed, tristique in, tempus sit amet, sem. Fusce consequat.', '2021-06-10', '2024-02-15', 834861, 980, 8, 4, 23, 79),
	(27, 'Flowdesk', 'Nulla suscipit ligula in lacus.', '2021-01-21', '2024-10-15', 730961, 1363, 2, 5, 6, 4),
	(28, 'Ventosanzap', 'Nam congue, risus semper porta volutpat, quam pede lobortis ligula, sit amet eleifend pede libero quis orci. Nullam molestie nibh in lectus. Pellentesque at nulla. Suspendisse potenti.', '2021-12-09', '2024-12-03', 613546, 1090, 3, 9, 40, 31),
	(29, 'Trippledex', 'Maecenas tristique, est et tempus semper, est quam pharetra magna, ac consequat metus sapien ut nunc. Vestibulum ante ipsum primis in faucibus orci luctus et ultrices posuere cubilia Curae; Mauris viverra diam vitae quam. Suspendisse potenti.', '2021-01-15', '2023-12-28', 369787, 1077, 1, 6, 19, 28),
	(30, 'Bigtax', 'Vestibulum rutrum rutrum neque. Aenean auctor gravida sem. Praesent id massa id nisl venenatis lacinia. Aenean sit amet justo.', '2019-08-27', '2021-08-05', 699174, 709, 1, 30, 7, 8),
	(31, 'Fixflex', 'Nulla nisl. Nunc nisl. Duis bibendum, felis sed interdum venenatis, turpis enim blandit mi, in porttitor pede justo eu massa.', '2021-03-13', '2022-06-22', 212009, 466, 5, 32, 7, 95),
	(32, 'Span', 'Proin eu mi. Nulla ac enim. In tempor, turpis nec euismod scelerisque, quam turpis adipiscing lorem, vitae mattis nibh ligula nec sem.', '2021-01-05', '2022-07-25', 406459, 566, 5, 33, 27, 115),
	(33, 'Kanlam', 'Vivamus vel nulla eget eros elementum pellentesque. Quisque porta volutpat erat. Quisque erat eros, viverra eget, congue eget, semper rutrum, nulla. Nunc purus.', '2021-08-04', '2025-03-06', 483539, 1310, 6, 23, 16, 57),
	(34, 'Bigtax', 'Aliquam non mauris. Morbi non lectus. Aliquam sit amet diam in magna bibendum imperdiet.', '2022-03-09', '2024-06-03', 760452, 817, 9, 1, 16, 111),
	(35, 'It', 'Pellentesque ultrices mattis odio.', '2019-10-30', '2022-11-05', 707462, 1102, 11, 36, 33, 23),
	(36, 'Latlux', 'In hac habitasse platea dictumst. Morbi vestibulum, velit id pretium iaculis, diam erat fermentum justo, nec condimentum neque sapien placerat ante. Nulla justo.', '2021-12-30', '2022-09-07', 266865, 251, 10, 13, 20, 72),
	(37, 'Wrapsafe', 'Duis aliquam convallis nunc. Proin at turpis a pede posuere nonummy. Integer non velit. Donec diam neque, vestibulum eget, vulputate ut, ultrices vel, augue.', '2020-11-08', '2023-02-05', 785747, 819, 12, 13, 7, 49),
	(38, 'Stronghold', 'Maecenas pulvinar lobortis est. Phasellus sit amet erat.', '2022-02-20', '2024-09-10', 186576, 933, 18, 30, 6, 111),
	(39, 'Toughjoyfax', 'Integer pede justo, lacinia eget, tincidunt eget, tempus vel, pede. Morbi porttitor lorem id ligula.', '2021-01-31', '2024-05-05', 636283, 1190, 19, 19, 33, 68),
	(40, 'Fixflex', 'In hac habitasse platea dictumst. Etiam faucibus cursus urna.', '2021-05-02', '2022-11-05', 242537, 552, 17, 2, 32, 21),
	(41, 'Pannier', 'Morbi vel lectus in quam fringilla rhoncus. Mauris enim leo, rhoncus sed, vestibulum sit amet, cursus id, turpis.', '2021-02-15', '2022-12-28', 332861, 681, 12, 6, 25, 45),
	(42, 'Solarbreeze', 'Curabitur at ipsum ac tellus semper interdum.', '2020-12-14', '2024-01-19', 983042, 1131, 19, 25, 8, 23),
	(43, 'Voltsillam', 'Maecenas ut massa quis augue luctus tincidunt.', '2020-04-05', '2022-07-23', 737552, 839, 20, 19, 36, 67),
	(44, 'Lotstring', 'Morbi non quam nec dui luctus rutrum.', '2019-09-11', '2021-10-20', 516530, 770, 20, 4, 19, 48),
	(45, 'Quo Lux', 'Nam ultrices, libero non mattis pulvinar, nulla pede ullamcorper augue, a suscipit nulla elit ac nulla. Sed vel enim sit amet nunc viverra dapibus. Nulla suscipit ligula in lacus.', '2020-12-16', '2023-01-03', 629571, 748, 7, 30, 35, 115),
	(46, 'Fintone', 'Nunc nisl. Duis bibendum, felis sed interdum venenatis, turpis enim blandit mi, in porttitor pede justo eu massa.', '2021-11-02', '2022-07-17', 569443, 257, 6, 36, 25, 73),
	(47, 'Treeflex', 'Morbi porttitor lorem id ligula. Suspendisse ornare consequat lectus. In est risus, auctor sed, tristique in, tempus sit amet, sem.', '2021-06-23', '2024-12-17', 859414, 1273, 5, 35, 15, 7),
	(48, 'Regrant', 'Praesent lectus. Vestibulum quam sapien, varius ut, blandit non, interdum in, ante. Vestibulum ante ipsum primis in faucibus orci luctus et ultrices posuere cubilia Curae; Duis faucibus accumsan odio. Curabitur convallis.', '2022-01-05', '2025-02-21', 876937, 1143, 4, 31, 21, 97),
	(49, 'Quo Lux', 'Nam dui.', '2020-04-26', '2024-03-12', 506214, 1416, 9, 19, 33, 111),
	(50, 'Home Ing', 'Nulla neque libero, convallis eget, eleifend luctus, ultricies eu, nibh. Quisque id justo sit amet sapien dignissim vestibulum. Vestibulum ante ipsum primis in faucibus orci luctus et ultrices posuere cubilia Curae; Nulla dapibus dolor vel est.', '2020-05-08', '2022-05-17', 715326, 739, 2, 6, 22, 58),
	(51, 'Tresom', 'Sed ante. Vivamus tortor.', '2021-02-23', '2024-01-27', 189702, 1068, 4, 27, 12, 119),
	(52, 'Rank', 'Morbi sem mauris, laoreet ut, rhoncus aliquet, pulvinar sed, nisl. Nunc rhoncus dui vel sem. Sed sagittis.', '2022-01-23', '2024-06-15', 229035, 874, 3, 34, 6, 59),
	(53, 'Gembucket', 'Nulla ut erat id mauris vulputate elementum. Nullam varius. Nulla facilisi.', '2021-03-30', '2023-03-27', 971767, 727, 11, 32, 11, 88),
	(54, 'Flowdesk', 'Nulla tempus. Vivamus in felis eu sapien cursus vestibulum. Proin eu mi.', '2020-04-05', '2022-08-23', 927105, 870, 10, 2, 38, 107),
	(55, 'Zoolab', 'Nulla tempus.', '2019-12-11', '2022-09-06', 424046, 1000, 18, 33, 34, 86),
	(56, 'Lotlux', 'Nam dui. Proin leo odio, porttitor id, consequat in, consequat ut, nulla. Sed accumsan felis. Ut at dolor quis odio consequat varius.', '2019-12-25', '2020-12-28', 447308, 369, 17, 23, 18, 46),
	(57, 'Cardify', 'Morbi non quam nec dui luctus rutrum. Nulla tellus. In sagittis dui vel nisl.', '2021-02-02', '2022-01-08', 247623, 340, 17, 7, 26, 87),
	(58, 'Treeflex', 'Aliquam non mauris.', '2020-12-07', '2023-06-30', 138107, 935, 9, 21, 27, 92),
	(59, 'Bitchip', 'Phasellus in felis. Donec semper sapien a libero. Nam dui.', '2019-10-25', '2021-04-19', 299705, 542, 5, 8, 20, 108),
	(60, 'Gembucket', 'Donec vitae nisi. Nam ultrices, libero non mattis pulvinar, nulla pede ullamcorper augue, a suscipit nulla elit ac nulla. Sed vel enim sit amet nunc viverra dapibus.', '2020-10-31', '2022-04-03', 397895, 519, 4, 11, 37, 108);
/*!40000 ALTER TABLE `projects` ENABLE KEYS */;

-- Dumping structure for πίνακας elidek.researchers
CREATE TABLE IF NOT EXISTS `researchers` (
  `researcher_id` int(11) NOT NULL,
  `first_name` varchar(250) NOT NULL,
  `last_name` varchar(250) NOT NULL,
  `gender` varchar(250) NOT NULL,
  `birth_date` date NOT NULL,
  `email` varchar(250) NOT NULL,
  PRIMARY KEY (`researcher_id`)
) ENGINE=InnoDB DEFAULT CHARSET=utf8mb4;

-- Dumping data for table elidek.researchers: ~120 rows (approximately)
/*!40000 ALTER TABLE `researchers` DISABLE KEYS */;
INSERT INTO `researchers` (`researcher_id`, `first_name`, `last_name`, `gender`, `birth_date`, `email`) VALUES
	(1, 'Murial', 'Cuthill', 'Female', '1965-08-30', 'mcuthill0@psu.edu'),
	(2, 'Lou', 'Obell', 'Female', '1986-05-08', 'lobell1@dion.ne.jp'),
	(3, 'Carmon', 'Leyborne', 'Female', '1973-01-06', 'cleyborne2@oaic.gov.au'),
	(4, 'Dorian', 'Nordass', 'Male', '1981-12-06', 'dnordass3@123-reg.co.uk'),
	(5, 'Cherilyn', 'Tolussi', 'Genderfluid', '1967-03-13', 'ctolussi4@theguardian.com'),
	(6, 'Duffy', 'Filgate', 'Male', '1982-02-01', 'dfilgate5@wordpress.com'),
	(7, 'Caroline', 'Krabbe', 'Female', '1967-04-15', 'ckrabbe6@fotki.com'),
	(8, 'Marlane', 'Witham', 'Female', '1975-04-07', 'mwitham7@bizjournals.com'),
	(9, 'Dur', 'Greenland', 'Male', '1978-07-15', 'dgreenland8@reference.com'),
	(10, 'Vito', 'Lyston', 'Male', '1986-01-03', 'vlyston9@elpais.com'),
	(11, 'Kari', 'Lathe', 'Female', '1977-01-06', 'klathea@imgur.com'),
	(12, 'Martica', 'Sawle', 'Female', '1974-04-15', 'msawleb@umich.edu'),
	(13, 'Brunhilde', 'Orrice', 'Female', '1981-05-06', 'borricec@state.tx.us'),
	(14, 'Haleigh', 'Cuffin', 'Female', '1984-07-22', 'hcuffind@hc360.com'),
	(15, 'Alisha', 'Nutbean', 'Female', '1977-03-01', 'anutbeane@paginegialle.it'),
	(16, 'Elmira', 'Saker', 'Female', '1973-03-25', 'esakerf@surveymonkey.com'),
	(17, 'Kaylee', 'Salliss', 'Female', '1961-09-25', 'ksallissg@creativecommons.org'),
	(18, 'Arny', 'Soanes', 'Agender', '1990-02-07', 'asoanesh@newsvine.com'),
	(19, 'Alisun', 'Curds', 'Female', '1978-10-20', 'acurdsi@themeforest.net'),
	(20, 'Erroll', 'Snalom', 'Non-binary', '1988-01-03', 'esnalomj@google.com.br'),
	(21, 'Dwayne', 'Dragon', 'Male', '1969-09-05', 'ddragonk@bloomberg.com'),
	(22, 'Arlin', 'Stein', 'Male', '1960-09-13', 'asteinl@archive.org'),
	(23, 'Gertrud', 'Dach', 'Female', '1986-09-26', 'gdachm@disqus.com'),
	(24, 'Evania', 'Ferenc', 'Bigender', '1986-11-15', 'eferencn@scribd.com'),
	(25, 'Blancha', 'Pilling', 'Female', '1967-12-29', 'bpillingo@mediafire.com'),
	(26, 'Charlot', 'Yuille', 'Female', '1964-04-17', 'cyuillep@g.co'),
	(27, 'Karylin', 'Yurkov', 'Female', '1960-06-17', 'kyurkovq@about.com'),
	(28, 'Xylina', 'Peirazzi', 'Female', '1981-05-09', 'xpeirazzir@reuters.com'),
	(29, 'Cherey', 'Ropert', 'Female', '1966-02-25', 'croperts@ftc.gov'),
	(30, 'Kelbee', 'Tisun', 'Male', '1961-02-01', 'ktisunt@pagesperso-orange.fr'),
	(31, 'Bev', 'Featley', 'Male', '1977-03-17', 'bfeatleyu@sun.com'),
	(32, 'Aggy', 'Gravell', 'Female', '1961-03-12', 'agravellv@hibu.com'),
	(33, 'Hinda', 'Biss', 'Female', '1962-05-26', 'hbissw@thetimes.co.uk'),
	(34, 'Pyotr', 'Popham', 'Male', '1964-06-21', 'ppophamx@nps.gov'),
	(35, 'Redd', 'Burgess', 'Male', '1980-09-08', 'rburgessy@fema.gov'),
	(36, 'Brendin', 'Ruddick', 'Male', '1982-12-09', 'bruddickz@sakura.ne.jp'),
	(37, 'Averil', 'Tarbatt', 'Female', '1974-11-25', 'atarbatt10@wikipedia.org'),
	(38, 'Quintin', 'Folke', 'Agender', '1963-11-02', 'qfolke11@macromedia.com'),
	(39, 'Ervin', 'Overel', 'Male', '1968-10-10', 'eoverel12@cargocollective.com'),
	(40, 'Skip', 'Bolsover', 'Agender', '1983-11-26', 'sbolsover13@opensource.org'),
	(41, 'Bette-ann', 'Bernhardi', 'Female', '1973-09-09', 'bbernhardi14@foxnews.com'),
	(42, 'Worthy', 'Godfroy', 'Male', '1978-07-01', 'wgodfroy15@columbia.edu'),
	(43, 'Wynn', 'Brookson', 'Female', '1971-01-14', 'wbrookson16@hostgator.com'),
	(44, 'Allen', 'Sambidge', 'Male', '1966-09-15', 'asambidge17@sourceforge.net'),
	(45, 'Willette', 'Brimm', 'Female', '1988-05-29', 'wbrimm18@google.ru'),
	(46, 'Bertrando', 'Mitchard', 'Male', '1980-08-23', 'bmitchard19@51.la'),
	(47, 'Gretel', 'Antoinet', 'Female', '1989-07-22', 'gantoinet1a@adobe.com'),
	(48, 'Tripp', 'Burgan', 'Male', '1987-03-26', 'tburgan1b@sitemeter.com'),
	(49, 'Everett', 'Schirak', 'Male', '1968-01-05', 'eschirak1c@umn.edu'),
	(50, 'Andonis', 'Gelletly', 'Male', '1962-11-06', 'agelletly1d@blog.com'),
	(51, 'Sibbie', 'Leadstone', 'Female', '1961-12-12', 'sleadstone1e@unc.edu'),
	(52, 'Putnem', 'Swanborrow', 'Male', '1971-12-02', 'pswanborrow1f@reddit.com'),
	(53, 'Val', 'Twiggins', 'Female', '1974-05-14', 'vtwiggins1g@auda.org.au'),
	(54, 'Rance', 'Ondra', 'Male', '1976-02-18', 'rondra1h@typepad.com'),
	(55, 'Egon', 'Bartholat', 'Bigender', '1968-03-31', 'ebartholat1i@sbwire.com'),
	(56, 'Matti', 'Bosman', 'Female', '1971-01-15', 'mbosman1j@tmall.com'),
	(57, 'Kathlin', 'Kestin', 'Female', '1960-09-25', 'kkestin1k@about.com'),
	(58, 'Garvin', 'Dooman', 'Male', '1971-02-05', 'gdooman1l@yelp.com'),
	(59, 'Lennie', 'Swanne', 'Male', '1969-04-09', 'lswanne1m@github.io'),
	(60, 'Yanaton', 'Offin', 'Male', '1961-05-08', 'yoffin1n@unicef.org'),
	(61, 'Barbabra', 'Sherbrooke', 'Female', '1980-11-24', 'bsherbrooke1o@theguardian.com'),
	(62, 'Doyle', 'Conford', 'Male', '1967-08-13', 'dconford1p@biglobe.ne.jp'),
	(63, 'Burton', 'Hazeldene', 'Male', '1969-09-16', 'bhazeldene1q@census.gov'),
	(64, 'Sergeant', 'Orhtmann', 'Male', '1976-04-12', 'sorhtmann1r@alexa.com'),
	(65, 'Roseanna', 'Creddon', 'Female', '1990-01-16', 'rcreddon1s@tumblr.com'),
	(66, 'Franky', 'Santos', 'Male', '1974-05-18', 'fsantos1t@walmart.com'),
	(67, 'Ramonda', 'Seals', 'Female', '1965-06-16', 'rseals1u@wikispaces.com'),
	(68, 'Rosa', 'Winship', 'Female', '1961-03-09', 'rwinship1v@mail.ru'),
	(69, 'Mildred', 'Olczak', 'Female', '1968-11-11', 'molczak1w@cpanel.net'),
	(70, 'Adara', 'Himsworth', 'Female', '1984-02-22', 'ahimsworth1x@economist.com'),
	(71, 'Titus', 'Isacsson', 'Male', '1984-11-02', 'tisacsson1y@google.co.uk'),
	(72, 'Kalvin', 'Varran', 'Male', '1964-11-05', 'kvarran1z@smugmug.com'),
	(73, 'Christal', 'Petranek', 'Female', '1972-05-13', 'cpetranek20@wikimedia.org'),
	(74, 'Anders', 'Nicolson', 'Male', '1977-05-19', 'anicolson21@google.cn'),
	(75, 'Alasteir', 'Kydde', 'Male', '1987-09-25', 'akydde22@a8.net'),
	(76, 'Karlen', 'O\' Clovan', 'Female', '1982-11-23', 'koclovan23@cloudflare.com'),
	(77, 'Aggi', 'Bawle', 'Female', '1989-01-18', 'abawle24@ezinearticles.com'),
	(78, 'Hildagard', 'Heigl', 'Female', '1963-05-10', 'hheigl25@yellowbook.com'),
	(79, 'Shelia', 'Linning', 'Female', '1975-05-29', 'slinning26@about.com'),
	(80, 'Joana', 'Bingham', 'Female', '1979-11-24', 'jbingham27@microsoft.com'),
	(81, 'Archaimbaud', 'McLafferty', 'Male', '1972-10-31', 'amclafferty28@delicious.com'),
	(82, 'Emelda', 'Salliss', 'Female', '1962-04-30', 'esalliss29@nhs.uk'),
	(83, 'Ariel', 'Farmar', 'Male', '1988-09-24', 'afarmar2a@bloglovin.com'),
	(84, 'Herby', 'Monday', 'Male', '1961-08-28', 'hmonday2b@yandex.ru'),
	(85, 'Farra', 'Ogbourne', 'Female', '1980-06-01', 'fogbourne2c@java.com'),
	(86, 'Carmelia', 'Syfax', 'Female', '1981-06-24', 'csyfax2d@spiegel.de'),
	(87, 'Constancy', 'Mansour', 'Female', '1964-12-09', 'cmansour2e@hexun.com'),
	(88, 'Dorthy', 'Stang-Gjertsen', 'Female', '1968-06-06', 'dstanggjertsen2f@harvard.edu'),
	(89, 'Nicolette', 'Sorel', 'Female', '1984-12-20', 'nsorel2g@huffingtonpost.com'),
	(90, 'Sergio', 'Madison', 'Male', '1974-04-13', 'smadison2h@unc.edu'),
	(91, 'Paco', 'Sendley', 'Male', '1981-03-30', 'psendley2i@ox.ac.uk'),
	(92, 'Lloyd', 'Cansdall', 'Male', '1968-06-01', 'lcansdall2j@slashdot.org'),
	(93, 'Prinz', 'Tapping', 'Male', '1973-03-31', 'ptapping2k@ucoz.ru'),
	(94, 'Chaddy', 'Alabastar', 'Male', '1986-05-04', 'calabastar2l@home.pl'),
	(95, 'Crichton', 'Lenaghen', 'Male', '1964-09-10', 'clenaghen2m@creativecommons.org'),
	(96, 'Yance', 'Ligertwood', 'Male', '1973-03-08', 'yligertwood2n@ocn.ne.jp'),
	(97, 'Candi', 'Stallwood', 'Female', '1968-02-07', 'cstallwood2o@163.com'),
	(98, 'Astrid', 'Davage', 'Female', '1966-01-23', 'adavage2p@cbsnews.com'),
	(99, 'Marabel', 'McCague', 'Female', '1963-05-20', 'mmccague2q@bluehost.com'),
	(100, 'Salem', 'Aldins', 'Genderfluid', '1986-09-26', 'saldins2r@google.nl'),
	(101, 'Kathye', 'Doerren', 'Female', '1974-03-10', 'kdoerren2s@mit.edu'),
	(102, 'Kanya', 'Bance', 'Genderfluid', '1980-10-19', 'kbance2t@google.com.br'),
	(103, 'Samara', 'Ranklin', 'Non-binary', '1967-11-13', 'sranklin2u@bigcartel.com'),
	(104, 'Elke', 'Fanthome', 'Bigender', '1962-08-04', 'efanthome2v@furl.net'),
	(105, 'Ad', 'Melendez', 'Male', '1964-02-08', 'amelendez2w@usatoday.com'),
	(106, 'Arlana', 'Glencros', 'Female', '1983-06-04', 'aglencros2x@bbb.org'),
	(107, 'Kalinda', 'Lumbly', 'Female', '1960-06-07', 'klumbly2y@addthis.com'),
	(108, 'Chan', 'Bessey', 'Male', '1989-10-27', 'cbessey2z@redcross.org'),
	(109, 'Pepi', 'Powley', 'Female', '1974-11-29', 'ppowley30@pagesperso-orange.fr'),
	(110, 'Merci', 'Wardale', 'Female', '1971-06-07', 'mwardale31@loc.gov'),
	(111, 'Erwin', 'Groneway', 'Male', '1962-01-17', 'egroneway32@histats.com'),
	(112, 'Ross', 'Slack', 'Male', '1966-04-05', 'rslack33@tuttocitta.it'),
	(113, 'Bibbye', 'Womack', 'Genderqueer', '1989-05-21', 'bwomack34@stanford.edu'),
	(114, 'Guenevere', 'Gornal', 'Female', '1973-08-21', 'ggornal35@sohu.com'),
	(115, 'Nobe', 'Trorey', 'Male', '1964-10-14', 'ntrorey36@elegantthemes.com'),
	(116, 'Edithe', 'Paramor', 'Agender', '1977-06-08', 'eparamor37@jigsy.com'),
	(117, 'Silvana', 'Mullenger', 'Female', '1982-05-03', 'smullenger38@reddit.com'),
	(118, 'Caroline', 'Lepick', 'Female', '1983-01-28', 'clepick39@china.com.cn'),
	(119, 'Lavinie', 'Lacelett', 'Female', '1987-09-06', 'llacelett3a@technorati.com'),
	(120, 'Georgianne', 'Morville', 'Female', '1987-12-17', 'gmorville3b@sogou.com');
/*!40000 ALTER TABLE `researchers` ENABLE KEYS */;

-- Dumping structure for πίνακας elidek.researcher_phonenumber
CREATE TABLE IF NOT EXISTS `researcher_phonenumber` (
  `number` int(11) NOT NULL,
  `researcher_id` int(11) NOT NULL,
  PRIMARY KEY (`number`,`researcher_id`),
  KEY `researcher_id` (`researcher_id`),
  CONSTRAINT `researcher_phonenumber_ibfk_1` FOREIGN KEY (`researcher_id`) REFERENCES `researchers` (`researcher_id`)
) ENGINE=InnoDB DEFAULT CHARSET=utf8mb4;

-- Dumping data for table elidek.researcher_phonenumber: ~137 rows (approximately)
/*!40000 ALTER TABLE `researcher_phonenumber` DISABLE KEYS */;
INSERT INTO `researcher_phonenumber` (`number`, `researcher_id`) VALUES
	(1034923673, 18),
	(1191725177, 16),
	(1273039717, 74),
	(1336195088, 41),
	(1387119203, 98),
	(1404260040, 78),
	(1424292117, 110),
	(1427537210, 13),
	(1577517381, 66),
	(1625000342, 78),
	(1661612645, 42),
	(1684677643, 102),
	(1704065658, 118),
	(1732737453, 18),
	(1754868138, 75),
	(1769628937, 35),
	(1769905666, 96),
	(1811933416, 92),
	(1841954813, 39),
	(1861499624, 91),
	(1908056898, 85),
	(1923767819, 2),
	(1942817916, 27),
	(1958366326, 56),
	(2004300702, 103),
	(2016080005, 114),
	(2019938526, 49),
	(2147483647, 1),
	(2147483647, 3),
	(2147483647, 4),
	(2147483647, 5),
	(2147483647, 6),
	(2147483647, 7),
	(2147483647, 8),
	(2147483647, 9),
	(2147483647, 10),
	(2147483647, 11),
	(2147483647, 12),
	(2147483647, 13),
	(2147483647, 14),
	(2147483647, 15),
	(2147483647, 16),
	(2147483647, 17),
	(2147483647, 18),
	(2147483647, 19),
	(2147483647, 20),
	(2147483647, 21),
	(2147483647, 22),
	(2147483647, 23),
	(2147483647, 24),
	(2147483647, 25),
	(2147483647, 26),
	(2147483647, 27),
	(2147483647, 28),
	(2147483647, 29),
	(2147483647, 30),
	(2147483647, 31),
	(2147483647, 32),
	(2147483647, 33),
	(2147483647, 34),
	(2147483647, 35),
	(2147483647, 36),
	(2147483647, 37),
	(2147483647, 38),
	(2147483647, 40),
	(2147483647, 43),
	(2147483647, 44),
	(2147483647, 45),
	(2147483647, 46),
	(2147483647, 47),
	(2147483647, 48),
	(2147483647, 49),
	(2147483647, 50),
	(2147483647, 51),
	(2147483647, 52),
	(2147483647, 53),
	(2147483647, 54),
	(2147483647, 55),
	(2147483647, 56),
	(2147483647, 57),
	(2147483647, 58),
	(2147483647, 59),
	(2147483647, 60),
	(2147483647, 61),
	(2147483647, 62),
	(2147483647, 63),
	(2147483647, 64),
	(2147483647, 65),
	(2147483647, 66),
	(2147483647, 67),
	(2147483647, 68),
	(2147483647, 69),
	(2147483647, 70),
	(2147483647, 71),
	(2147483647, 72),
	(2147483647, 73),
	(2147483647, 74),
	(2147483647, 76),
	(2147483647, 77),
	(2147483647, 78),
	(2147483647, 79),
	(2147483647, 80),
	(2147483647, 81),
	(2147483647, 82),
	(2147483647, 83),
	(2147483647, 84),
	(2147483647, 85),
	(2147483647, 86),
	(2147483647, 87),
	(2147483647, 88),
	(2147483647, 89),
	(2147483647, 90),
	(2147483647, 91),
	(2147483647, 93),
	(2147483647, 94),
	(2147483647, 95),
	(2147483647, 96),
	(2147483647, 97),
	(2147483647, 98),
	(2147483647, 99),
	(2147483647, 100),
	(2147483647, 101),
	(2147483647, 102),
	(2147483647, 104),
	(2147483647, 105),
	(2147483647, 106),
	(2147483647, 107),
	(2147483647, 108),
	(2147483647, 109),
	(2147483647, 111),
	(2147483647, 112),
	(2147483647, 113),
	(2147483647, 115),
	(2147483647, 116),
	(2147483647, 117),
	(2147483647, 119),
	(2147483647, 120);
/*!40000 ALTER TABLE `researcher_phonenumber` ENABLE KEYS */;

-- Dumping structure for πίνακας elidek.research_laboratories
CREATE TABLE IF NOT EXISTS `research_laboratories` (
  `public_budget` float NOT NULL,
  `private_budget` float NOT NULL,
  `organization_id` int(11) NOT NULL,
  PRIMARY KEY (`organization_id`),
  CONSTRAINT `research_laboratories_ibfk_1` FOREIGN KEY (`organization_id`) REFERENCES `organizations` (`organization_id`)
) ENGINE=InnoDB DEFAULT CHARSET=utf8mb4;

-- Dumping data for table elidek.research_laboratories: ~10 rows (approximately)
/*!40000 ALTER TABLE `research_laboratories` DISABLE KEYS */;
INSERT INTO `research_laboratories` (`public_budget`, `private_budget`, `organization_id`) VALUES
	(5426260, 192176, 2),
	(9034220, 840892, 4),
	(1072560, 233179, 6),
	(1094030, 410373, 8),
	(8161990, 728690, 10),
	(2253880, 244343, 12),
	(5227070, 787604, 14),
	(8797020, 363809, 16),
	(9632140, 905812, 18),
	(3866550, 752397, 20);
/*!40000 ALTER TABLE `research_laboratories` ENABLE KEYS */;

-- Dumping structure for πίνακας elidek.science_field
CREATE TABLE IF NOT EXISTS `science_field` (
  `name` varchar(250) NOT NULL,
  `project_id` int(11) NOT NULL,
  PRIMARY KEY (`name`,`project_id`),
  KEY `project_id` (`project_id`),
  CONSTRAINT `science_field_ibfk_1` FOREIGN KEY (`project_id`) REFERENCES `projects` (`project_id`)
) ENGINE=InnoDB DEFAULT CHARSET=utf8mb4;

-- Dumping data for table elidek.science_field: ~107 rows (approximately)
/*!40000 ALTER TABLE `science_field` DISABLE KEYS */;
INSERT INTO `science_field` (`name`, `project_id`) VALUES
	('Artificial Intelligence', 3),
	('Artificial Intelligence', 6),
	('Artificial Intelligence', 7),
	('Artificial Intelligence', 14),
	('Artificial Intelligence', 15),
	('Artificial Intelligence', 18),
	('Artificial Intelligence', 41),
	('Artificial Intelligence', 45),
	('Artificial Intelligence', 55),
	('Astronomy', 3),
	('Astronomy', 5),
	('Astronomy', 7),
	('Astronomy', 8),
	('Astronomy', 13),
	('Astronomy', 29),
	('Astronomy', 32),
	('Astronomy', 41),
	('Astronomy', 42),
	('Astronomy', 49),
	('Chemistry', 3),
	('Chemistry', 11),
	('Chemistry', 13),
	('Chemistry', 21),
	('Chemistry', 22),
	('Chemistry', 23),
	('Chemistry', 24),
	('Chemistry', 30),
	('Chemistry', 54),
	('Chemistry', 55),
	('Computer Science', 7),
	('Computer Science', 23),
	('Computer Science', 29),
	('Computer Science', 42),
	('Computer Science', 45),
	('Computer Science', 46),
	('Computer Science', 52),
	('Computer Science', 58),
	('Data Science', 6),
	('Data Science', 7),
	('Data Science', 16),
	('Data Science', 19),
	('Data Science', 41),
	('Data Science', 43),
	('Data Science', 47),
	('Data Science', 49),
	('Economics', 1),
	('Economics', 3),
	('Economics', 18),
	('Economics', 44),
	('Economics', 58),
	('Economics', 60),
	('Education', 5),
	('Education', 6),
	('Education', 11),
	('Education', 30),
	('Education', 31),
	('Education', 38),
	('Information Technology', 6),
	('Information Technology', 14),
	('Information Technology', 30),
	('Information Technology', 44),
	('Information Technology', 49),
	('Information Technology', 52),
	('Information Technology', 53),
	('Information Technology', 54),
	('Mathematics', 3),
	('Mathematics', 10),
	('Mathematics', 12),
	('Mathematics', 26),
	('Mathematics', 31),
	('Mathematics', 58),
	('Mathematics', 59),
	('Medicine', 3),
	('Medicine', 7),
	('Medicine', 8),
	('Medicine', 10),
	('Medicine', 22),
	('Medicine', 27),
	('Medicine', 34),
	('Medicine', 36),
	('Medicine', 43),
	('Medicine', 54),
	('Neurobiology', 8),
	('Neurobiology', 15),
	('Neurobiology', 23),
	('Neurobiology', 35),
	('Neurobiology', 41),
	('Neurobiology', 43),
	('Neurobiology', 51),
	('Neurobiology', 59),
	('Neurobiology', 60),
	('Physics', 2),
	('Physics', 19),
	('Physics', 23),
	('Physics', 35),
	('Physics', 36),
	('Physics', 37),
	('Physics', 48),
	('Physics', 49),
	('Physics', 60),
	('Statistics', 4),
	('Statistics', 21),
	('Statistics', 25),
	('Statistics', 29),
	('Statistics', 43),
	('Statistics', 58),
	('Statistics', 60);
/*!40000 ALTER TABLE `science_field` ENABLE KEYS */;

-- Dumping structure for πίνακας elidek.staff
CREATE TABLE IF NOT EXISTS `staff` (
  `staff_id` int(11) NOT NULL,
  `first_name` varchar(250) NOT NULL,
  `last_name` varchar(250) NOT NULL,
  `email` varchar(250) NOT NULL,
  `department` varchar(250) NOT NULL,
  PRIMARY KEY (`staff_id`)
) ENGINE=InnoDB DEFAULT CHARSET=utf8mb4;

-- Dumping data for table elidek.staff: ~20 rows (approximately)
/*!40000 ALTER TABLE `staff` DISABLE KEYS */;
INSERT INTO `staff` (`staff_id`, `first_name`, `last_name`, `email`, `department`) VALUES
	(1, 'Jeramey', 'McRitchie', 'jmcritchie0@cbslocal.com', 'Human Resources'),
	(2, 'Remy', 'Arnley', 'rarnley1@nifty.com', 'Research and Development'),
	(3, 'Clara', 'Leydon', 'cleydon2@discuz.net', 'Marketing'),
	(4, 'Danya', 'McCombe', 'dmccombe3@nationalgeographic.com', 'Accounting'),
	(5, 'Callean', 'Phillipson', 'cphillipson4@google.co.jp', 'Legal'),
	(6, 'Mal', 'Munsey', 'mmunsey5@mayoclinic.com', 'Accounting'),
	(7, 'Esther', 'Cumberpatch', 'ecumberpatch6@barnesandnoble.com', 'Business Development'),
	(8, 'Barnebas', 'Guile', 'bguile7@cargocollective.com', 'Services'),
	(9, 'Doralyn', 'Coady', 'dcoady8@smh.com.au', 'Services'),
	(10, 'Brose', 'Haacker', 'bhaacker9@devhub.com', 'Research and Development'),
	(11, 'Fernandina', 'Peteri', 'fpeteria@telegraph.co.uk', 'Marketing'),
	(12, 'Emmy', 'Cabrara', 'ecabrarab@archive.org', 'Accounting'),
	(13, 'Igor', 'Hindmore', 'ihindmorec@alibaba.com', 'Business Development'),
	(14, 'Algernon', 'Hampstead', 'ahampsteadd@cnbc.com', 'Marketing'),
	(15, 'Shayne', 'Dark', 'sdarke@earthlink.net', 'Marketing'),
	(16, 'Abeu', 'Senett', 'asenettf@wiley.com', 'Services'),
	(17, 'Giana', 'Derill', 'gderillg@arstechnica.com', 'Training'),
	(18, 'Herculie', 'Jannasch', 'hjannaschh@oaic.gov.au', 'Marketing'),
	(19, 'Avigdor', 'Bartolini', 'abartolinii@live.com', 'Human Resources'),
	(20, 'Ardeen', 'Alflat', 'aalflatj@smugmug.com', 'Research and Development');
/*!40000 ALTER TABLE `staff` ENABLE KEYS */;

-- Dumping structure for πίνακας elidek.universities
CREATE TABLE IF NOT EXISTS `universities` (
  `public_budget` float NOT NULL,
  `organization_id` int(11) NOT NULL,
  PRIMARY KEY (`organization_id`),
  CONSTRAINT `universities_ibfk_1` FOREIGN KEY (`organization_id`) REFERENCES `organizations` (`organization_id`)
) ENGINE=InnoDB DEFAULT CHARSET=utf8mb4;

-- Dumping data for table elidek.universities: ~12 rows (approximately)
/*!40000 ALTER TABLE `universities` DISABLE KEYS */;
INSERT INTO `universities` (`public_budget`, `organization_id`) VALUES
	(31645300, 22),
	(54661700, 24),
	(44114200, 26),
	(68755600, 28),
	(25005300, 30),
	(11930500, 32),
	(48133700, 34),
	(52836600, 36),
	(74892600, 37),
	(65386600, 38),
	(66642700, 39),
	(98859300, 40);
/*!40000 ALTER TABLE `universities` ENABLE KEYS */;

-- Dumping structure for πίνακας elidek.working
CREATE TABLE IF NOT EXISTS `working` (
  `researcher_id` int(11) NOT NULL,
  `project_id` int(11) NOT NULL,
  PRIMARY KEY (`researcher_id`,`project_id`),
  KEY `project_id` (`project_id`),
  CONSTRAINT `working_ibfk_1` FOREIGN KEY (`researcher_id`) REFERENCES `researchers` (`researcher_id`),
  CONSTRAINT `working_ibfk_2` FOREIGN KEY (`project_id`) REFERENCES `projects` (`project_id`)
) ENGINE=InnoDB DEFAULT CHARSET=utf8mb4;

-- Dumping data for table elidek.working: ~120 rows (approximately)
/*!40000 ALTER TABLE `working` DISABLE KEYS */;
INSERT INTO `working` (`researcher_id`, `project_id`) VALUES
	(1, 11),
	(2, 44),
	(3, 27),
	(4, 11),
	(5, 16),
	(6, 8),
	(7, 49),
	(8, 40),
	(9, 2),
	(10, 25),
	(11, 10),
	(12, 22),
	(13, 39),
	(14, 6),
	(15, 35),
	(16, 22),
	(17, 43),
	(18, 1),
	(19, 42),
	(20, 1),
	(21, 23),
	(22, 46),
	(23, 26),
	(24, 12),
	(25, 24),
	(26, 34),
	(27, 25),
	(28, 19),
	(29, 9),
	(30, 2),
	(31, 4),
	(32, 5),
	(33, 55),
	(34, 5),
	(35, 22),
	(36, 51),
	(37, 38),
	(38, 20),
	(39, 46),
	(40, 35),
	(41, 3),
	(42, 34),
	(43, 7),
	(44, 38),
	(45, 8),
	(46, 28),
	(47, 56),
	(48, 21),
	(49, 21),
	(50, 57),
	(51, 58),
	(52, 51),
	(53, 23),
	(54, 50),
	(55, 13),
	(56, 13),
	(57, 47),
	(58, 41),
	(59, 57),
	(60, 45),
	(61, 42),
	(62, 29),
	(63, 30),
	(64, 52),
	(65, 22),
	(66, 12),
	(67, 34),
	(68, 9),
	(69, 17),
	(70, 3),
	(71, 35),
	(72, 30),
	(73, 17),
	(74, 44),
	(75, 18),
	(76, 42),
	(77, 15),
	(78, 17),
	(79, 60),
	(80, 2),
	(81, 14),
	(82, 37),
	(83, 53),
	(84, 33),
	(85, 50),
	(86, 22),
	(87, 31),
	(88, 3),
	(89, 4),
	(90, 39),
	(91, 48),
	(92, 54),
	(93, 6),
	(94, 16),
	(95, 8),
	(96, 45),
	(97, 7),
	(98, 15),
	(99, 56),
	(100, 4),
	(101, 60),
	(102, 32),
	(103, 8),
	(104, 9),
	(105, 36),
	(106, 33),
	(107, 10),
	(108, 28),
	(109, 1),
	(110, 10),
	(111, 17),
	(112, 23),
	(113, 36),
	(114, 11),
	(115, 51),
	(116, 12),
	(117, 20),
	(118, 12),
	(119, 20),
	(120, 40);
/*!40000 ALTER TABLE `working` ENABLE KEYS */;

-- Dumping structure for πίνακας elidek.working_relationship
CREATE TABLE IF NOT EXISTS `working_relationship` (
  `starting_date` date NOT NULL,
  `researcher_id` int(11) NOT NULL,
  `organization_id` int(11) NOT NULL,
  PRIMARY KEY (`researcher_id`,`organization_id`),
  KEY `organization_id` (`organization_id`),
  CONSTRAINT `working_relationship_ibfk_1` FOREIGN KEY (`researcher_id`) REFERENCES `researchers` (`researcher_id`),
  CONSTRAINT `working_relationship_ibfk_2` FOREIGN KEY (`organization_id`) REFERENCES `organizations` (`organization_id`)
) ENGINE=InnoDB DEFAULT CHARSET=utf8mb4;

-- Dumping data for table elidek.working_relationship: ~120 rows (approximately)
/*!40000 ALTER TABLE `working_relationship` DISABLE KEYS */;
INSERT INTO `working_relationship` (`starting_date`, `researcher_id`, `organization_id`) VALUES
	('2012-07-06', 1, 40),
	('2011-12-02', 2, 9),
	('2013-11-17', 3, 29),
	('2014-02-14', 4, 15),
	('2013-03-25', 5, 26),
	('2013-03-09', 6, 18),
	('2011-12-07', 7, 22),
	('2010-11-09', 8, 13),
	('2016-02-08', 9, 12),
	('2011-09-09', 10, 14),
	('2010-08-03', 11, 14),
	('2014-11-01', 12, 30),
	('2013-07-24', 13, 37),
	('2012-03-11', 14, 9),
	('2013-12-29', 15, 19),
	('2015-05-08', 16, 7),
	('2011-04-12', 17, 35),
	('2013-01-21', 18, 19),
	('2010-06-27', 19, 23),
	('2014-02-05', 20, 37),
	('2011-06-06', 21, 7),
	('2013-02-15', 22, 20),
	('2019-01-11', 23, 25),
	('2011-04-02', 24, 37),
	('2014-02-22', 25, 12),
	('2017-10-03', 26, 1),
	('2017-01-17', 27, 34),
	('2015-06-28', 28, 26),
	('2011-05-30', 29, 24),
	('2011-11-20', 30, 8),
	('2014-01-27', 31, 40),
	('2013-08-01', 32, 25),
	('2011-12-09', 33, 5),
	('2011-08-29', 34, 4),
	('2015-01-07', 35, 1),
	('2015-07-18', 36, 5),
	('2017-12-15', 37, 1),
	('2014-11-06', 38, 16),
	('2013-10-11', 39, 30),
	('2014-09-08', 40, 3),
	('2018-05-11', 41, 28),
	('2015-06-20', 42, 3),
	('2011-05-21', 43, 39),
	('2013-05-05', 44, 29),
	('2018-06-18', 45, 30),
	('2017-09-01', 46, 7),
	('2015-01-09', 47, 28),
	('2014-09-05', 48, 40),
	('2017-05-28', 49, 38),
	('2010-11-23', 50, 30),
	('2012-08-01', 51, 38),
	('2018-07-14', 52, 6),
	('2011-05-07', 53, 37),
	('2010-06-10', 54, 1),
	('2011-01-12', 55, 23),
	('2013-08-28', 56, 2),
	('2017-11-02', 57, 7),
	('2014-12-14', 58, 4),
	('2012-08-12', 59, 20),
	('2012-09-21', 60, 33),
	('2011-07-19', 61, 25),
	('2013-03-06', 62, 15),
	('2012-06-26', 63, 36),
	('2018-06-28', 64, 39),
	('2010-08-31', 65, 9),
	('2018-05-26', 66, 24),
	('2014-07-04', 67, 19),
	('2012-03-03', 68, 6),
	('2013-07-23', 69, 40),
	('2015-02-13', 70, 25),
	('2016-02-05', 71, 11),
	('2015-06-25', 72, 11),
	('2014-03-10', 73, 12),
	('2012-12-07', 74, 37),
	('2017-10-17', 75, 17),
	('2013-04-02', 76, 24),
	('2014-09-21', 77, 31),
	('2018-09-24', 78, 35),
	('2016-09-01', 79, 37),
	('2016-10-28', 80, 26),
	('2015-01-21', 81, 3),
	('2017-12-08', 82, 26),
	('2014-06-24', 83, 13),
	('2015-03-10', 84, 13),
	('2015-03-26', 85, 34),
	('2011-06-01', 86, 2),
	('2015-05-26', 87, 31),
	('2015-10-08', 88, 25),
	('2017-10-20', 89, 32),
	('2016-06-28', 90, 17),
	('2018-05-22', 91, 8),
	('2017-05-25', 92, 35),
	('2011-12-24', 93, 23),
	('2013-01-10', 94, 17),
	('2018-07-11', 95, 27),
	('2017-08-14', 96, 8),
	('2015-02-12', 97, 5),
	('2014-07-04', 98, 26),
	('2013-09-30', 99, 33),
	('2013-01-23', 100, 2),
	('2012-12-26', 101, 37),
	('2010-06-02', 102, 9),
	('2012-10-07', 103, 40),
	('2015-05-02', 104, 37),
	('2014-03-13', 105, 26),
	('2017-09-26', 106, 29),
	('2010-08-26', 107, 40),
	('2012-05-10', 108, 22),
	('2014-05-24', 109, 23),
	('2015-12-27', 110, 25),
	('2011-09-15', 111, 23),
	('2011-12-13', 112, 18),
	('2017-05-05', 113, 35),
	('2011-06-21', 114, 32),
	('2016-02-18', 115, 30),
	('2012-01-17', 116, 14),
	('2016-09-25', 117, 3),
	('2017-09-14', 118, 8),
	('2016-10-03', 119, 29),
	('2010-07-16', 120, 23);
/*!40000 ALTER TABLE `working_relationship` ENABLE KEYS */;

/*!40101 SET SQL_MODE=IFNULL(@OLD_SQL_MODE, '') */;
/*!40014 SET FOREIGN_KEY_CHECKS=IFNULL(@OLD_FOREIGN_KEY_CHECKS, 1) */;
/*!40101 SET CHARACTER_SET_CLIENT=@OLD_CHARACTER_SET_CLIENT */;
/*!40111 SET SQL_NOTES=IFNULL(@OLD_SQL_NOTES, 1) */;
